team_name,feels_like_temperature__team_match_ball_in_play_time,feels_like_temperature__team_match_directness,feels_like_temperature__team_match_dribble_ratio,feels_like_temperature__team_match_gk_long_pass_ratio,feels_like_temperature__team_match_gk_pass_distance,feels_like_temperature__team_match_high_press_shots_conceded,feels_like_temperature__team_match_pace_towards_goal,feels_like_temperature__team_match_passing_ratio,total_rainfall_amount_previous_hour__team_match_ball_in_play_time,total_rainfall_amount_previous_hour__team_match_directness,total_rainfall_amount_previous_hour__team_match_dribble_ratio,total_rainfall_amount_previous_hour__team_match_gk_long_pass_ratio,total_rainfall_amount_previous_hour__team_match_gk_pass_distance,total_rainfall_amount_previous_hour__team_match_high_press_shots_conceded,total_rainfall_amount_previous_hour__team_match_pace_towards_goal,total_rainfall_amount_previous_hour__team_match_passing_ratio,wind_gust_10m__team_match_ball_in_play_time,wind_gust_10m__team_match_directness,wind_gust_10m__team_match_dribble_ratio,wind_gust_10m__team_match_gk_long_pass_ratio,wind_gust_10m__team_match_gk_pass_distance,wind_gust_10m__team_match_high_press_shots_conceded,wind_gust_10m__team_match_pace_towards_goal,wind_gust_10m__team_match_passing_ratio,wind_speed_10m__team_match_ball_in_play_time,wind_speed_10m__team_match_directness,wind_speed_10m__team_match_dribble_ratio,wind_speed_10m__team_match_gk_long_pass_ratio,wind_speed_10m__team_match_gk_pass_distance,wind_speed_10m__team_match_high_press_shots_conceded,wind_speed_10m__team_match_pace_towards_goal,wind_speed_10m__team_match_passing_ratio
AFC Bournemouth,-0.1978618678799258,0.03281048772017292,0.027692871046388148,-0.1049843455131035,0.11086977147203454,0.3844254167335166,-0.1924967021197261,0.13870468683595508,0.1650945009845737,0.00986744469892221,-0.04153691861457819,-0.08618748505252173,0.09222321265113517,0.12132243163508007,0.1790051672894015,0.04728841049064709,-0.014761680380570946,-0.01144586960815702,0.16210219297780773,-0.005007096557017311,-0.14704102489157633,0.1806663423734552,0.11221961650435658,-0.2635505201267077,-0.08112082824765088,-0.02747923976510413,0.20012424991249897,-0.03787359132543845,-0.10949915980590286,0.042384972100807466,0.05792375396671163,-0.20894839480137756
AFC Wimbledon,-0.010474855052071548,0.10230395695641469,-0.01725342906735931,-0.11210093355105058,0.014486890588563275,-0.2479460144190351,-0.0670291304505294,-0.14155319031203972,0.09794194613785907,-0.05722354664948834,-0.07621595990981715,-0.015538552659539141,-0.022246773320964593,0.010493788894315188,-0.047681439331096524,0.11782996589680862,-0.015303430344168744,-0.24841406335758598,0.041039431381353526,-0.05894597319720945,-0.037301981272927304,0.10023924084429792,-0.2592316918603628,0.1825153555425758,0.04889252890537775,-0.11703161769159179,0.07195903266013529,-0.14657005127684752,0.0654407549209951,0.028280890226571667,-0.08461576929202977,0.2536541383631874
Accrington Stanley,0.059310514858057224,-0.00276262636187725,-0.06440592683565641,0.2319585482056915,0.2840196991544422,-0.06855767795656655,-0.0674238635927497,0.08445412078328395,-0.17639016007896377,0.056907187717991435,0.04742017463024253,0.08574016014520294,-0.0018698026236664157,-0.036520983736374954,0.11308445134412053,-0.3061510695710928,-0.33233111654590247,0.20961913548957103,-0.15125568962187474,0.06074615943085952,-0.03376868181815123,0.09774932560312523,0.16412011677577826,-0.21135633349777402,-0.2983024818048374,0.2389468045075389,-0.22154576838490184,0.04108172013772619,-0.006527140722290312,0.13268416226873012,0.25675014307608746,-0.11859294421553622
Arsenal,0.16015422835045431,0.06118592797453081,0.056114472926774676,0.261445843811939,-0.10871938754326665,0.006025021110385663,-0.08521470654123041,0.026113777028762063,0.11319795440642333,0.040781052482659945,-0.14266258242050472,0.008174696575066686,0.007199992754914764,-0.03373451642575538,-0.06917700567651916,0.10798078375318396,-0.04377331672897436,0.2013136060928354,0.17837047307882148,-0.25200632850959276,-0.14230995209417263,0.06263574311043064,0.14359688355240605,0.022828283484077946,0.019297152793110013,0.2500017676780653,0.23078912072713637,-0.19600825328330201,-0.11409434428175287,-0.006374056512557936,0.29541933421612127,0.05466139279836767
Aston Villa,0.0035215352679078393,-0.296899597686946,-0.17136058232110696,0.1447859657136723,-0.05844976756799012,-0.1187585298527776,0.07025569468853397,0.06954715932659657,0.09233681966784617,0.10350471646800599,-0.02500437678182347,-0.12510785254676865,-0.06813674884969542,-0.025658074694095936,0.08073223592608778,0.22492454430608122,-0.17562609698660428,0.06377849467982392,-0.2373253988899687,-0.24829482397289487,0.29887363778638193,-0.2090131744069108,-0.13537858040628833,-0.2315859390709468,-0.19937806814314182,0.19418513641853888,-0.2680022866639125,-0.3655420561199478,0.18824077568812225,-0.06851699432066266,-0.12093576760561771,-0.19328023692341442
Barnsley,0.19945493982578819,0.011165793473503978,-0.22734753503542637,0.03193599002345059,-0.13103038771624562,-0.028679182928549533,0.1508063729065469,0.16083843247761156,0.07016463735184016,0.12522275584064757,0.0346580568673101,0.035596048799366606,-0.09935475876632557,-0.13414129315089188,0.010581168051445771,-0.20614662422224014,0.07246167324712201,0.09968299139706326,0.06823505388816697,-0.01518521925243191,0.12841506126018387,0.3780736541580906,-0.013501784604220237,0.08275663184797102,0.13362099465337124,0.05502368466377712,0.017131184493892303,0.08923751376170308,0.012427573065201066,0.37463405777508185,0.07753729695053845,0.0002591081320376395
Barrow,0.06060522016117906,-0.01198969518547382,0.029962741768373272,0.01560453745811412,-0.16940060392246142,0.09984466020195404,-0.2022374237455396,-0.06296940216095619,-0.2920876461233237,0.01337831854306216,-0.1259627341334646,-0.019981666723784177,0.18417226572796377,0.04297879491976637,-6.0532332192646074e-05,-0.061042853744539945,-0.30241286327033107,0.05000877804497414,-0.12287278449803939,0.14300906348871914,-0.06874778089622884,-0.06727401715287687,0.21808912135139785,0.10377398623176727,-0.2954208708012232,0.054221001187829236,-0.07642512387479522,0.1832915184156186,-0.26478104180167505,-0.12348180867101925,0.11899207306207875,-0.04173948294434688
Birmingham City,0.2202588354851657,-0.008714554064885761,-0.1701408716884583,-0.2598139770308966,0.29212277340082815,-0.357931846982474,0.14511262676498227,-0.08480697694363218,0.1027727873900101,-0.1347020057897854,0.06292556527911389,-0.038498306612327775,0.17066388637784805,-0.0299382842719489,-0.06951859229994864,0.18900620900181328,0.03839091500274333,-0.32807687076621966,-0.3482143077250006,-0.1690160442419457,0.16201314290297952,-0.15708939557663928,-0.5106947322190274,-0.04782914659383939,0.01904754865550297,-0.25912995618790746,-0.4789319307138936,-0.2956368780938755,0.12443755778479645,-0.22461757054874662,-0.3594296270357002,-0.11441218824406252
Blackburn Rovers,-0.05707446942457743,-0.05586523472365984,0.08399759836039429,0.020863251821199177,-0.025752013050390793,-0.04061986313005718,0.32850064996750805,0.14358224512623333,-0.17356216088876966,0.009070761815404005,0.056954558969947416,-0.10089606438962061,0.20981190253977042,-0.18426426387973863,0.05409055680246141,-0.1020115492273544,0.06610682613453994,-0.31191951827200404,-0.09368160534327061,0.07648528503144915,0.1042795179252158,0.059049839954771685,-0.17656580050688817,0.2216961017133359,0.0589244475655242,-0.2847050615634967,-0.12270090781655744,0.0965091921119076,0.23306569220392842,0.063968256084518,-0.013584286152275723,0.29290395812630643
Blackpool,0.4991956795479249,0.13974406608591486,-0.28781685295319726,0.07549795227753119,-0.1395364092400402,-0.13225219654361461,-0.15160101367163,0.1755030007528302,-0.16177032599003593,-0.028962586299502605,0.029862148961240755,-0.0020207774592108634,0.2675524300574999,0.015043952682998298,0.13080883401848248,-0.029162496741678975,-0.07267194156657855,-0.3456885185047233,0.0008604488589105632,-0.030577117155102473,-0.020949187569124686,-0.3581106210079396,-0.34397794861757014,-0.06859478565063397,0.010631047588608555,-0.27110156892580306,-0.02487134975968183,-0.008737884838668863,0.00774361935545381,-0.3818225911719274,-0.26899652679078395,0.0024945189107383426
Bolton Wanderers,-0.02621421108659481,-0.10970277467983205,-0.3003296241596503,-0.08302348267652224,0.17368595629768743,0.08818244125847806,-0.062286231657206786,-0.11472341356946145,-0.042272951102505084,-0.1660364086362603,0.044355077997991155,0.12488026776744875,-0.08051742211967369,0.08013831342929634,-0.10200052218427169,-0.07451948630977608,-0.2048261893632778,0.09950586450372353,0.029587809665274748,-0.01502623132697456,-0.030272749743422794,-0.051229938104597195,-0.05915921870699472,-0.08093675631870843,-0.3126198341576802,0.13866386571845335,0.06960897776680541,0.03563541471593087,0.02530257835822579,0.009202396410949333,0.036505638531835666,-0.11837081464395426
Bradford City,0.1799384989405853,0.0621399608599618,0.06370705991029604,0.16351566523798192,-0.20078096423210479,0.32309393635203204,-0.16018426603278443,0.03501882447324634,0.09937608290092187,-0.1945914466756498,0.04607093478493504,0.09208908621732995,-0.09032176456661728,-0.06438218282797756,0.025985742347667196,-0.0216689470385612,-0.20990865189979657,0.2688236223464574,0.050051764145372345,-0.1350720049217324,0.11559588025857646,-0.10479549652843592,0.19568668976838302,-0.3686680614606907,-0.27788706772606203,0.2551891837011764,0.10488353762321158,-0.19545404874729636,0.0787502774267397,-0.06432143746808991,0.13519684057469739,-0.34593067986934073
Brentford,0.04529641517572957,0.038621420104932386,-0.05969017996979471,0.2734418466746795,-0.2902881228358705,0.044624010637758706,0.061336910188856446,-0.10763996463733004,-0.003945526205948674,0.01806964682686859,0.0036067099470449694,0.19617197978682865,-0.16271493858444472,-0.030333316422889143,-0.11610207057988116,-0.0708978209099617,0.10542003814478794,-0.29336921354512113,-0.0599007158672874,0.010459782851894922,-0.051626062231672966,0.07159126180899232,0.04397322634922167,0.15065481996399663,-0.01719095744008985,-0.28955606382387233,-0.07786777348882612,-0.1346810075437134,0.016624244316325466,-0.07402144655968979,0.07766700682179205,-0.005570770069669814
Brighton & Hove Albion,-0.16141909860520137,0.1163097696652476,-0.09697422600143382,0.0024722980071014665,0.0037089585219074843,0.12853467037323074,0.1767261184016515,0.23364350217052196,-0.011681037183044687,-0.03787493985562829,-0.13451825863048605,-0.09546672870321707,-0.08438034674592575,0.06156702608806145,-0.22605713844279476,-0.07432743410073216,0.3511458165484114,0.02531174293370732,-0.2732539574958493,0.11498616901772542,0.11188472091824932,0.0056087136544105565,-0.14383413974900772,-0.052470168509252485,0.1891591591121551,0.060488413191685374,-0.13190921250077514,0.11692464383429847,0.104698020521441,0.0293923547405675,-0.07406157175800597,-0.14112908648788505
Bristol City,-0.27572899662081746,-0.11211558486507495,0.06507276799578153,-0.17046874326327094,0.2041929875228594,0.16960722599245498,0.06397211928415437,-0.03126527140570799,-0.021848360836939786,0.27738874397516144,0.011041173026171181,-0.022580271870075476,-0.14788517581908509,-0.12685674675469957,-0.22287471313827686,-0.08475035714200443,-0.21944450699066415,0.10383338169336956,0.06306825176798135,0.05562615915417773,0.007565514935031561,0.17579538016728039,-0.06038567342418532,-0.10867946964819701,-0.18777188650306514,0.27960968503910344,0.05828030154155042,-0.1227637255992856,0.02900444365325307,0.24010057846369406,-0.05993641805666966,-0.14840633184194288
Bristol Rovers,0.3598140096600475,-0.27717720454214206,0.11152925213342164,0.2010630567762058,-0.5166021870209748,0.030306040421345055,-0.07869101319014285,0.012138987891503104,0.052074815207648735,0.05772196541616911,-0.12387455501961336,0.11317036397954054,-0.09297569207940215,-0.054177652022654114,0.051235601472032814,-0.06640356797741191,-0.2226637241211879,-0.08718525496473993,-0.0019969365298387063,-0.15551177073701664,-0.07937206504869902,-0.18641400904103206,0.1669828268720919,-0.1723659577661845,-0.1830838060168124,-0.1469495400022532,0.06451571118515274,-0.12503712563314398,-0.10017836889741209,-0.054659598780598,0.039840142241358206,-0.27014439993196565
Burnley,0.1554140178101616,-0.03864590478621029,-0.18210125293077487,0.3325687008176062,-0.18906274063843437,0.5595277407026543,-0.12117780034139433,0.4043219578909953,-0.029118719778127244,-0.042653742041877565,0.30627592653448776,-0.13371873158871028,0.02527182548361214,0.10085434609341432,-0.15654961964278832,-0.01082017244263415,0.11930207813397238,-0.011231173352271431,0.11607240282046587,-0.008689737450476766,-0.14122652793267923,-0.12997479751497043,-0.22750169463663686,-0.18414188222656208,-0.023830367603760994,0.12491446081451966,0.12079759130332791,-0.04353247017845138,0.06666904593319131,-0.06580948826670446,-0.024440495740732614,-0.1273976624771092
Burton Albion,0.03626195686235185,0.19040266839108053,-0.17714059861997833,0.12084785292296506,0.04196393307591942,-0.41490067486325327,-0.061196575299655,-0.07927380329164327,-0.09084505602032728,0.044647069674465314,-0.09541339035237291,-0.0566293833564717,0.08650633482654495,-0.08253660291695541,0.004007847940830891,0.028846245022814267,0.04112780077054394,-0.04628549551207786,-0.12549560375364419,0.04227173718304319,0.03277064218312733,0.05749566566076376,-0.02101725286315223,-0.08708338512928446,0.015435652777344462,-0.04542562876607779,-0.07348157227229486,0.14214578865547628,0.03886244243007791,-0.060877631323654036,0.007027627944676064,-0.09732905986759403
Cambridge United,0.27522237723012927,-0.021325570508294787,-0.1617740132873498,-0.034618462933336425,0.22893237589068488,-0.09990136169579836,0.04213216733624128,-0.019551545779335214,0.024055890863009306,-0.0687901030571846,-0.019407710589230215,0.00315469391461694,0.09892234927484247,0.1415538496411581,0.012762398587376095,0.1341109765058968,-0.0509534542100391,-0.07303555047280462,0.22030998052040046,0.22811308561743127,0.2208500940936604,-0.14296590088929784,0.14469200474398297,0.10909625645312072,0.021433642547957432,-0.010122186073044534,0.10770986365881997,0.14684398310531985,0.3033508413275499,-0.2357938321966649,0.21655933915101688,0.11810325338196441
Cardiff City,0.06405780750742385,0.09420621780563664,-0.044421403006981004,-0.3867996282456062,0.08540195693599806,-0.019943837250354392,0.06538860785761456,-0.080587783889246,-0.011277150890163111,-0.2045914237073221,0.011879585952230641,0.1288227406567608,-0.053159886811158207,-0.19616583900712323,-0.1018032751237398,-0.12053573643036021,-0.13609953545758635,-0.006534556463066635,-0.11151745408484653,-0.1368711950073675,0.018558441129980775,-0.1404656373552014,0.27805791164181104,-0.021818049102475492,-0.22690237121087495,0.06351077120180032,0.01467553101241881,-0.18126471103659628,0.03499316062621705,-0.10252671584896074,0.3652658167049662,-0.04731461346537514
Carlisle United,-0.31866887296783364,0.08570082303952933,-0.21725443636780903,-0.08434596729138263,0.35630384934852444,-0.003992693688459102,0.3711713047589158,-0.1840314641727663,0.04285640426763797,0.0455660688559113,0.11091143015440363,0.04300603609785349,-0.06638960669296011,-0.07924833275471695,-0.041340294595506005,-0.03335479203573843,-0.1419251987960438,-0.1953995745103413,0.38036481491626617,-0.12065552590508757,0.166113032658019,-0.09981956767329282,-0.152008987420092,-0.13056506303250145,-0.21907403725843289,-0.05201296864972033,0.3890888033537595,-0.12501838526529732,0.15290554116344707,-0.045449104470144025,-0.0759828097109356,-0.198762640843176
Charlton Athletic,0.0895860534517676,-0.3349336558577574,0.18847243142565,0.036028641674317526,-0.023777405123065247,-0.23846433046807863,-0.25516373714040697,0.14219376414600862,0.012038962902750892,-0.0484105002752702,0.09314253624686394,0.003715490091800013,-0.012210481390975247,-0.04347039892385569,-0.146401208096734,0.24282379359525158,0.07574190076971149,-0.10993375306267283,-0.1655360104621347,-0.01219088712820081,-0.12546940539567483,-0.3596087576091138,-0.042119334447692044,-0.08957428217433076,-0.006301375179757116,-0.19528372778019332,-0.24933322086056672,-0.15751169196480094,-0.029178181860933572,-0.30950380494498114,-0.04047192503929452,-0.14029558349145532
Chelsea,0.14057618524595095,0.1333051221959578,0.1667076754964986,0.3344486155867279,-0.1606084101297977,-0.014409043532836611,0.12254104329140274,-0.2149162393142711,0.17739219130566533,0.07064780155342668,-0.12892337041677188,-0.13539086960927163,0.19870756343696167,0.014838745253392339,0.1158965106450632,0.20948227026262004,-0.16249363144871748,0.1470767378366124,0.03310303663490009,-0.18763444021418244,0.128686391743769,0.1932695121679258,-0.09197803201540769,-0.12141805284792073,-0.15009768520197586,0.2114792510020981,0.1460599388048526,-0.03216147958061325,-0.12841632350556156,0.23315112262328005,-0.1312527186207066,-0.23796704197281043
Cheltenham Town,0.2751037551197908,0.006633687104936259,-0.27899641183498275,-0.04908165174826959,-0.30755483517520427,0.04319679973348621,0.187274759320995,0.1518404693173859,0.1635697215929644,0.05937103524151864,0.0623493615201543,0.11786380345606647,-0.23762440910832963,-0.060341017360467555,-0.08014894565579464,-0.11063690851159702,-0.15191377231835992,-0.0922565538061718,-0.08696998705581757,0.08406978232328477,0.16465641298479436,-0.012314969784804813,-0.009388467876488412,0.13417120975672603,-0.06842959689133957,-0.22152397801524276,-0.06610337457167521,0.14901973478303202,0.0902986228908504,0.112865950231655,-0.07552845500946109,0.10221782267207646
Colchester United,0.16389078823648365,-0.027426625234922328,0.1504911378953557,-0.10103770905501533,-0.07640104108539443,-0.009184697301918373,-0.12393873660998957,0.057396727764222895,0.10612050201456318,0.06637889427162,0.19481353718627875,0.00865765213749188,-0.028327871351826198,0.13708950959794036,0.0015664768071684382,0.035698012700005666,-0.1224011053407912,0.10865857271143602,0.13828928978160024,0.06097743965096014,0.04774940890050183,-0.1522029663685578,0.10547565408646674,-0.06398120190355962,-0.12105607221489563,0.1120587651577445,0.06045326632381001,0.03571170096656151,0.14800566657623473,-0.23785810040812738,0.17811622498719729,-0.0677186717816177
Coventry City,-0.06617166814251611,0.23143468787842345,-0.18237217115361248,-0.08850261176286615,0.02371205155048421,0.11038793969843755,0.17508599094092311,-0.02537467279446293,-0.11925710716378686,-0.013113078448096848,0.12346254338151585,0.051084738971490996,0.08605793590845932,-0.17414053490523607,0.0898225086099996,-0.07760630370855276,0.21819604598843972,0.4272313786567212,-0.24518946661100355,0.09413452257712482,0.20057197549122047,0.258149351640788,0.3661578363781915,0.16898197851933675,0.21786084651770482,0.366840376479214,-0.20134429338645227,0.0778975536685639,0.13767008484060636,0.271795936862623,0.3144175494214535,0.22195035194205617
Crawley Town,0.16168586214619515,0.167096774607281,-0.17962494980185004,-0.07281421785439422,-0.15572486561946758,0.027326506786248383,0.09966865424834828,-0.11224098975730287,0.18345663324901143,0.11383819659590394,0.13721858559135394,0.029269497146025426,-0.0032316823766685232,-0.06268299377383917,-0.03535818127891179,0.05900352030043672,0.2614054461149399,0.2739965284542673,0.0032291792037659433,0.1990606818417059,-0.5070499653881395,-0.04798716881306276,0.08549775870727838,0.1337187289782306,0.20377937438240065,0.26735435624743215,0.08534366464090107,0.030444381306892893,-0.3368778404665252,0.09125350507604761,0.22606317608494628,0.18709840751958964
Crewe Alexandra,0.2603217781832534,0.039689534737894806,-0.043448864333158144,0.12742470509365905,0.07735052822484698,0.20916503917680856,0.14459057480009005,0.14391493468328198,0.046800008427522695,0.004660263504053924,0.05158846532659246,0.3223321351188157,-0.059763573122377796,0.10887768276502988,-0.08952799827260971,-0.006765016702192649,-0.3303403983754738,0.2535340850485371,-0.005109912226185411,0.20497012940208842,-0.014160955990429333,0.028928776946704617,0.1738829402549856,-0.36511269820569153,-0.33716698640047993,0.15565686483310937,0.0010046637554782245,0.1815923922589646,-0.008558825501358187,0.06104359573259958,0.1753743277509269,-0.26633287399053324
Crystal Palace,0.07567804753661232,0.006683227018437895,-0.1123532305987179,0.22028661175701153,-0.30616193651196494,-0.17131160704775508,-0.17988705402343616,0.0936358189117906,-0.04568330223774727,-0.10679837948789682,0.039956900799282956,-0.0271058069385885,0.09122834751138978,-0.04466944669402512,0.06139830740388781,-0.058623484739854806,0.1551895843343047,0.03917487523491827,0.17948045211111363,-0.14394864838798166,0.09768712898816095,0.03432502216470373,0.5749770223081064,0.37071691893100217,0.028815037629971774,0.12752441073010282,0.11055220781515225,-0.1699978438662409,0.036094147941053194,0.053245754578578594,0.43457744803275705,0.22681496693723757
Derby County,0.04870636460370721,0.14376649805543174,-0.034322628970484166,-0.1677240658614257,0.2884521110397199,0.14144553983255018,0.03990771266842077,0.22607393399080875,0.12530234696983175,-0.006813237113139615,0.1660435194876633,-0.06338425029352505,-0.13754205172979841,0.22466350301583415,-0.08545308120858909,0.13639318333150702,-0.030280502596405693,0.021657605627106252,-0.07858736364025146,-0.38727069140605824,-0.05462619527749959,0.1898322974201988,0.16679640056093514,-0.0987412665263109,-0.034934382647918864,0.023206411151508604,-0.12801509813579484,-0.32753179403280014,0.06645581995915054,0.2076725447960083,0.1959179147566285,-0.10040127411875258
Doncaster Rovers,0.1618451522209972,0.021589323267010154,-0.07945937166789922,0.026376208284912685,0.08435020790384669,-0.0370661236000077,0.1482972678199124,-0.07619184544831066,-0.21754053370849866,0.07511921703985878,-0.01328815124686521,-0.008672730754319347,0.21344144688490327,0.006600360418420308,0.20303479822223686,-0.025250063326534882,-0.3257408703679662,-0.03782143335707743,0.06995395751214162,-0.036804428097897725,0.08392097190730635,0.023226303846063938,0.29120337867879303,-0.12302543937438833,-0.27631129540861654,-0.07859208896883692,0.06676785535968954,0.024578322878816505,0.053319556594567295,-0.029290850529260615,0.27106484888313764,-0.14769716715243508
Everton,-0.08320407499224919,0.08267877029019742,0.30774930383794274,-0.057895774888010704,0.0743945149623276,-0.05120780720389142,-0.048663704219142984,-0.02375843054244423,0.1899222578047461,-0.08421898127645064,-0.016738808212619465,0.0069954245255843825,-0.0066702253607944925,-0.06975943512602063,-0.050770681575915855,-0.10967862876475547,0.13704021028164717,-0.26073331840428177,-0.2502699227380312,0.33204375244221535,0.05918644383150958,0.03774905321871774,-0.03775806285334546,0.11533303574063393,-0.010065606853861021,-0.250609466876776,-0.1545711798371054,0.2769484881165506,0.07172335597753327,-0.07540415691318336,-0.028458842368317912,0.02574848191036703
Exeter City,-0.17922280402855803,0.028508812706039274,-0.2611969996130506,-0.008999517603949004,0.03820609939890731,-0.008225379074288611,0.13812540077960575,-0.3070345864843472,-0.04277873713677634,0.12251332673981567,-0.03464649437997628,-0.02852558636131424,-0.08222099660472434,-0.002589474463796207,0.07506806054564401,-0.11288152025533564,-0.14288198533682236,-0.015930963969972615,0.26828058454463677,0.18263979820434498,0.005273116010939893,0.014458134254880977,0.11162401365523766,0.010146807027856088,-0.09305748376429203,0.09072009574005972,0.2143587800817969,0.23276257256380237,-0.09240527794977513,0.06164231302244743,0.08974301066139229,-0.03610843983669472
Fleetwood Town,0.10379829672130886,0.05315115575331603,-0.02025114639130225,-0.010167501679831456,0.10375243678968216,0.10226282192448666,-0.04498109463726381,-0.08386674586494028,0.005234455467343721,-0.0014892811657731993,-0.012806618930217353,-0.04250761018209147,0.01697254572504352,-0.058332784781162036,-0.014536797447723336,-0.10077868266211963,-0.10962069424204529,0.21683928601995467,0.4078351224142026,-0.14070501231768062,0.24598858529531814,0.33363259462997913,0.09377638256436001,0.055730168593089845,-0.09407457492146708,0.2979739933735673,0.26614384195846796,-0.11208818230498048,0.19603507078183144,0.1263999287668677,0.07619838800636852,0.04447264353552466
Forest Green Rovers,0.19993968774875828,-0.19398529946351933,0.279831500185502,0.4571756861057222,-0.23156192309445547,0.0934017646583938,-0.0068625992407854355,-0.04402432655205717,0.0601354155081401,0.13250846146288545,-0.05816926145908215,0.0813999690851624,-0.023092774759499408,-0.006433276845194878,0.03410955242279634,-0.07514733810994866,0.04850489841122499,0.15796167779717127,0.13524840918266226,0.11836653994958479,0.02766529455397206,0.000904493791917171,-0.001443477981997439,0.06717730015138139,0.0646967733782581,0.1309864122715031,0.13347150940001493,0.10850022375118652,0.07102929717192741,0.05242292415374288,-0.009471255265009398,0.12899743944820835
Fulham,-0.06932871187301723,0.1061761280372385,0.027355450213341743,0.19756796567054405,-0.0006921142475132174,-0.20316771193123248,0.09516113332438364,-0.17811246656212137,0.21269329918443924,-0.22261272946760258,-0.10940269364523106,0.11643218679135882,0.22170618438729967,-0.015753702513349968,-0.035785298200833586,0.26940558438941015,-0.028871970031087817,-0.1484499646092203,0.061555629852318154,-0.2874971543340557,0.04289289918194651,0.10044613370946648,-0.09972042118931296,0.03785202867630329,-0.19990540533995693,-0.13444317399204422,0.09376691116858929,-0.3709554850546107,0.02329958285008305,0.10150737730587985,-0.10069564923509196,0.028491149273552143
Gillingham,-0.2292729617996561,0.06273281229463672,-0.09953947823167704,-0.14357999209478156,0.1604204082719529,0.12467502181075349,0.06945224109958484,-0.021746730954067355,0.06978777470519326,-0.022737396425332658,-0.005431596441536742,-0.07459037618908625,-0.03268858889625976,-0.016511610673763614,-0.09268792730202813,0.013191106090461042,-0.316582692500821,-0.022151893166703743,0.054952910260076274,-0.06675318065429127,0.13945010074229722,-0.02641180493697375,-0.033473965207491546,-0.18521645363750816,-0.3820608633684674,-0.041482900064733,-0.06919677869874431,0.0927565220562727,0.04734820854062665,-0.01964224224978203,-0.04535139579447077,-0.21891413448921002
Grimsby Town,0.12485674790654437,-0.10739288995012303,-0.11421802625740411,0.07340418750497751,0.3900654761594586,-0.12170676318630055,-0.01278102450626802,-0.2104702843540401,0.191495288635252,-0.011154895661296411,0.07326191469875963,0.04695132842188811,-0.19410523683092934,0.11184916577417715,0.0603841509883238,0.04772320457882477,-0.08899090547212994,0.06829988989700748,-0.10994936739015876,-0.06311250496442024,-0.029324933713835318,0.06610522448891176,0.09452439822913261,0.14263079170937445,-0.134277554901949,-0.0063466139180273235,-0.1754264569469144,-0.061576954366669906,0.12488891837543344,-0.05792462290321764,0.05519516165886246,0.08911173508314656
Harrogate Town,0.12975164860996072,-0.19762718256789166,0.3266359613851662,-0.0875737771550505,0.4082699233267895,-0.09424884645535488,-0.10695745281688718,-0.12642442231755743,0.06054404769581406,0.11655972529801649,-0.1608662593227379,0.12231597081934441,-0.15053002315898045,0.0024037653400708066,0.35868699880226623,0.07966398123613971,-0.19782401946378578,0.15845238402620887,0.021734747765688518,-0.02458069420806005,0.09222638955598561,-0.24597709981867286,0.24842294151771974,0.05806943300078664,-0.26623625499614173,0.17209713810993546,-0.046723195058314994,0.04154979040136167,0.1514943992491101,-0.2819094507131781,0.28470546264001234,-0.0662090533799458
Huddersfield Town,-0.39513075219864036,-0.019619439231367268,0.08698466939005883,-0.12524413826983327,0.33002525242450786,-0.22541950901242203,-0.09367998922494367,-0.3291922716811429,0.09336163820751169,-0.019373897603234044,0.05882313307013438,-0.10407875776844305,0.10269047354017144,-0.0018232149604075645,-0.1213813048454193,0.11418321005952188,-0.09403067898907569,0.0142945673220087,-0.005542610818245245,0.05593691693903967,-0.18414560923643095,0.1433086447308115,-0.060231768530881115,-0.217476838655411,-0.05105470963157745,-0.02346455520600262,0.07508558416062354,-0.010275051749298396,-0.22998547306820158,0.12984466971230862,-0.048168444338803774,-0.25101778204727965
Hull City,-0.1593057316813675,0.18642676744693187,0.1255684567595119,0.08335543925896302,-0.01626733197965175,0.19686895384423905,0.4237925850715211,0.003693772577174949,-0.138136050073975,-0.057751707525182536,0.2576666424613266,0.03337713101435586,0.0685964063345439,0.03624545681051776,-0.04061083127265093,0.03771062931011254,-0.15662481270572529,0.07736089716596332,-0.0477408639592732,0.010375998210038024,0.09210978863742668,-0.06481883294750922,-0.13544220517757857,0.009931532351764761,-0.16419215663559666,0.09605347842089841,-0.005144944195534396,0.11279578176735988,0.11308952638987663,-0.028922687781566727,-0.0611856294821002,0.0009162547782621888
Ipswich Town,-0.09134371406482675,0.1514614238125055,0.30098704426118544,-0.3473698893359276,0.25481547243000735,0.10413544810971462,0.17024637788727276,-0.024519610968464386,-0.2378233571868541,0.025165063889875047,-0.13694006838675538,-0.006340230816547669,0.05217676922180772,-0.012479429044139869,0.0815574514767966,-0.07980474584383175,-0.061425845604013866,0.13697147312736313,0.2500944280202549,-0.14753849645680456,0.007834178393962627,0.07837601418009615,-0.16607864787241924,0.0924075147854862,0.011044136963549769,0.13154941909445614,0.283136106789681,-0.16391190255571228,0.13175209763872267,0.07306040114498015,-0.0004245042655643036,0.030876227841925286
Leeds United,-0.19991008799363186,-0.04341969674681982,-0.21629234413407608,0.14972706738765543,0.13463559677197062,0.01628329745676391,-0.09555171230778757,-0.15129666397588915,-0.29785018340813296,-0.06510070289082154,0.14555572344233528,-0.0220763923280875,0.2605030353286922,-0.1453325061225277,-0.022573160916215335,-0.1933680620554909,-0.02589552267354013,-0.10143789119497615,0.14979942706871588,0.012990698152023973,0.10635097180183106,0.04665920521649672,0.09610773729734107,0.04262701537206909,-0.014522068973595183,-0.12890394681797188,0.0754581981450519,-0.022869576147933855,0.1302630459282286,0.053546471027961944,0.09824777929688604,0.0819082116637992
Leicester City,-0.030083336618821295,-0.0844388421798531,-0.0030418507627162474,0.025483635293528515,-0.3115056368065929,-0.01066665714328848,-0.1210537252027801,-0.18472018317135178,0.028799265493703294,0.02954552716926536,0.09879528198805919,-0.006939456930805618,-0.1740389714204019,0.14334110557467475,-0.013830603282073252,-0.08933119399689085,0.09226480767464089,0.05901160492143572,0.2501670055649931,0.19352490163013977,-0.40001776092050917,-0.23333224846190295,-0.12375954805151052,-0.31855307769039387,-0.02114341487862093,0.03716811584679111,0.15167750285208412,0.16603225820791995,-0.2598775244586037,-0.18554718913783141,-0.08094767091571052,-0.2301063076919345
Leyton Orient,-0.10561264464757648,0.002918237528622785,-0.2073093790216306,0.12357344806642971,-0.0633056339360258,0.27119482592650734,-0.11764674000111666,-0.19922904557181803,0.10265165616604524,-0.0063171032279196945,0.08647457746813361,0.14152155156794555,-0.17411441177896836,-0.06433819143258941,-0.06620930947960035,-0.04901811303898499,-0.023640707483333204,0.001908529840359805,-0.06313702969206786,0.10086072690759905,-0.07278794076295665,0.15069648844994998,-0.041101230649124416,-0.028692271515582485,-0.07565875573604995,0.03878761442968276,0.005504829242022683,0.04605173087043444,-0.03613159383369729,0.15723991940187187,0.0026774797036058693,-0.056473258762909026
Lincoln City,0.36363357081013065,0.14676250828858117,-0.030960383588472744,0.2977066040094234,0.1802381521007281,0.26153085384230446,-0.033563280138231226,0.10941275025074136,0.026983703148053345,-0.04524069735729889,0.005199862764731493,-0.05143903829364899,0.1467780065898413,-0.008721998408531178,-0.0288148905469162,-0.0910953329023182,-0.32574758491745853,0.2298895453965459,-0.26265529017413647,0.11869730852197338,0.03167803957573026,-0.23027819241396688,0.03546596902631284,-0.11205740140350577,-0.3314714084233081,0.16756827545646924,-0.35816129521551154,0.06087546679624687,-0.01108310351787347,-0.14912649636567935,0.048545579180878685,-0.06814263140749056
Liverpool,0.25157488653328064,0.1967274273246269,-0.07944631873213247,0.10032851084971259,0.07628370361093026,0.17096613118121393,0.025928584811728536,0.2397872129339706,-0.0323945836227395,0.11613324661316872,0.2510862259235985,-0.054906866664130444,-0.09505223712656789,-0.03343892477690674,-0.02597111428784595,0.05296227310217826,-0.17963774207641148,-0.0898025803064275,0.05283520553970634,-0.12108362822780651,0.06077599429640399,-0.011021031251093234,0.02531023293927312,-0.0020533801417883836,-0.1603478145296712,-0.0754234419335618,0.02403960550198715,-0.06919624177842475,0.044467994895150444,0.0450041610152672,0.04280756219504453,-0.004222072005654576
Luton Town,-0.11169725465750813,-0.12004492113350913,-0.25803167624297974,0.04645871025840512,0.27221899330092647,-0.02610375599269189,0.28383332344337336,0.3108934011977484,0.030349542407706816,0.06687518777284832,-0.1065802214608437,0.10047552302969624,0.131186952560204,0.01809493629086036,0.1352215738828451,0.07819374856047989,0.03829372638546948,0.15284276169986283,-0.0623492953676773,0.13427474272143275,0.3082179787461995,0.26978482728166336,0.154996549925654,0.26934808544630234,-0.09109555112257396,0.08900092575726631,-0.024107692175871148,0.12837134369770573,0.31783349153335294,0.1993147631584457,0.0809789239684953,0.16717384148403264
Manchester City,0.059810380973979525,0.304738741809357,0.01786441791298051,-0.14596177836281968,0.11770900785649743,-0.3489571814959934,-0.2127763349853829,-0.1276344827174375,0.1753600658850225,0.03014876629181674,0.020057721591644553,0.09290537417089888,-0.15432094128066304,0.0866635133078538,0.1397491938396758,0.06000719529518311,0.12537092852264414,0.14155884278454378,0.04460521248719478,0.09469776871450684,-0.25548157424165274,-0.004007225951542518,-0.0295025923306511,-0.32840485670849956,-0.05196402867581618,0.11697480206943531,0.030047562393822825,-0.10052906902331982,-0.14708419674498358,0.08763583952466138,-0.12034643096691082,-0.22762505063025124
Manchester United,0.3056156381013187,0.016628739170313375,0.1351604210416194,-0.04117212715791054,-0.13646813851392245,-0.03634063235553285,-0.1223080875347621,0.0303514837678103,0.11121580192651094,-0.2803738531462689,0.14776696597274158,0.0327286794591807,-0.09455391130786987,-0.04041747870392958,-0.23154171554194622,-0.0703993308407611,0.06311447639945161,0.11965125664815299,-0.006643441564441191,0.02816197744396613,0.01266236749669875,0.1319836381414488,0.15646324833010658,0.08202137005669871,0.15642231330208806,0.05579070267726147,0.1678050766086012,0.06980259772313134,-0.04323165017400708,0.027545305723858382,0.09085509074601124,0.025767684323790806
Mansfield Town,-0.10464401488001987,0.13851781798306095,-0.13081158625691328,-0.02274906433342738,-0.22470467944941658,-0.13325902822299787,0.10981995557118178,-0.1132882988941387,-0.010707104105818066,-0.033123570243861214,0.07361597192499797,0.006994726227939921,0.10501383444281358,-0.11264096047208737,0.19445710791139667,-0.16319802287222368,-0.35976903764337015,-0.054300246592181106,-0.0025359534839416017,0.009608541357213568,-0.193433604310989,-0.051967905968678535,-0.02671266917456343,-0.2666679296479002,-0.36574548463120166,0.13949940275014572,0.004586010416195417,0.020507162908407983,-0.18464903260308416,-0.04821407011844805,0.004958435325559449,-0.23018625297706385
Middlesbrough,-0.02144852111598643,-0.16369233366315372,0.2965379635285961,0.10654515682609007,0.16086732452463576,-0.12196719101188172,0.055470557378115314,0.206817946208309,-0.07391638593500685,-0.051260304159299226,0.25046511669646804,0.09142073690192566,-0.028737480119728938,-0.10423643616247982,-0.2099279326877581,-0.06728986803579261,-0.15958972455844408,0.21436325545028845,0.11709007696919045,-0.02125209978705262,0.20006175748608873,-0.1339572319702724,0.08049655479779544,0.1808345219504062,-0.0694216161488798,0.20611680665994106,0.05392996510703606,-0.09201581418377244,0.0817401323576045,-0.20505852006149428,0.1002062289343215,0.16812415701363484
Millwall,-0.18500688720435177,-0.06353831848587935,0.10785005143095629,-0.17545606262923155,0.46088930878882145,0.010335389804901132,-0.22092444913658563,-0.14312990695321828,-0.14587873124756223,0.009626402807523738,0.04392166516352673,-0.05254706624177673,0.03105052367112523,-0.06975729748812579,-0.15557951972659909,-0.16673653139097547,-0.19811564650304878,0.10108679452658688,0.09771851801063647,0.028527747387985476,-0.10291851955328651,-0.04066585823308181,-0.005352412381001623,-0.23397772904399325,-0.2241848501323129,0.12432344209636689,0.11959452792000391,-0.05296634427437812,0.060978648242104534,-0.0532915944298506,0.018410224638491905,-0.26340437353758467
Milton Keynes Dons,-0.006934478993584971,0.06867518690573585,0.2987952268700892,-0.023839161756548596,0.19314847653064351,-0.007203356323694722,0.12819636175504334,0.23550785490548798,-0.0038968840481735994,-0.11699639397976708,-0.1915615095075357,0.0012194996546865495,0.17434725110657642,0.20779278781641705,-0.04200407497971503,-0.03552279399889932,-0.12896207096998177,-0.03273990998580374,-0.24013741401454453,0.12120788870931942,-0.06643357775125493,-0.14625181293458034,0.03243486497677503,-0.1324219633334867,-0.17342202768874398,0.021173279190269352,-0.17428661064924217,-0.013020760573168767,-0.04418587653035796,-0.17580758826723156,0.05274754145096879,-0.07283149068927187
Morecambe,-0.11953321780497496,0.09500199915856503,-0.18547185778532774,-0.14273451695445669,0.4654500803088513,-0.20985051544629213,-0.07207217273404493,0.05911550969265466,0.06933473914361121,0.08883541422139815,-0.12072758358757774,0.0169932863313311,-0.02880947254666503,0.14599383675980304,0.039127971528638776,0.15905447148160334,0.1863155571665808,-0.06323278809287206,-0.2530150545338462,0.05705487397296588,-0.0967789236669454,0.07199479850126736,0.05630202128853347,0.20820823215322903,0.07237799646877079,-0.07018347739789745,-0.386015274466228,0.001409512277035846,-0.030764799617937197,0.11002043108717235,0.04599271917550868,0.1263340437496832
Newcastle United,-0.017041746040825045,-0.016466773870947568,0.2178503046726708,0.012384431040898616,-0.08378002801673279,-0.12314306942981947,-0.08257650453227357,-0.19180689403089363,0.0826453827253863,-0.009044507691253497,0.14829126233811854,-0.06873196219113599,0.07036559839419132,0.15995024459562426,0.09371177780497189,-0.025536804355685675,-0.11782314297570098,0.16742256520944446,-0.007273753643453837,-0.06215929832969454,0.05293314102628582,0.11379820482535707,0.24928105271373838,0.16245703825036653,-0.04659278612873595,0.16269824578658068,0.023730522977396473,0.02611938683373912,-0.062097618243410965,0.14740688673844,0.042926045565753836,0.07469626883167668
Newport County AFC,0.20156434279164728,0.10975679617657375,-0.14523667124844394,0.06496744403111976,0.07341067658248067,-0.1350233324542644,0.01135525263881039,0.08386310959580044,0.010185392810787085,-0.03506853960266538,0.011625554060935397,-0.06433665601273454,0.07286950804000678,-0.08166890430318045,-0.0817791203424547,-0.034725352028734474,-0.34661714628371654,0.26478534545854143,0.10444255684339432,-0.010742086259199994,-0.09908480552943484,0.11576492164878684,0.0302390850671695,-0.25232633930046827,-0.42151537672312406,0.1728919327234762,-0.025079622002268744,-0.10907342415873916,-0.1743870689950137,0.19048108008651093,0.016018810516242134,-0.27891851204361867
Northampton Town,0.14838064626197017,0.0047125672250446695,-0.19818279888770632,-0.07390660392071978,-0.19883523981442391,0.07878121479237349,-0.09778479539257635,-0.09493488989019777,0.13081796310823607,0.040718866763096336,-0.12398924532446083,0.15063610150947512,-0.17492954701783,0.12539087606748547,0.1301176947463928,-0.039693399676703114,-0.13557188087355007,-0.08921156735491141,0.02621815621028982,-0.11491975138327486,-0.020079100464990198,-0.075220865033707,-0.12589054276873576,-0.12691306283410564,-0.12861958976838758,-0.108125960005718,0.017547019192068487,-0.04225296908841461,-0.019188285737694263,-0.01888407391014663,-0.17534126494950114,-0.09545421212150122
Norwich City,-0.1910153339270345,-0.1539312961196889,0.04080680248635676,0.033157833466607306,-0.23252037300114717,0.15160198644661,-0.23842078063287417,-0.15539389582405116,0.11037906708322422,-0.038760012965826776,-0.044714656631039455,0.09042748537456854,-0.05605195514430758,-0.14260277763580895,-0.04597909087945764,0.008868425933267797,0.018671362321791524,-0.04792346274335888,0.2819074491078656,-0.062040436888671134,-0.14671260101172912,-0.2314276456151166,-0.02209672719455941,-0.14183968096417104,-0.06996224471184583,0.07877244719036186,0.2555889940906448,-0.047254226531675304,-0.06381398355366143,-0.2621327437832371,0.048411754802451884,-0.14464273837005853
Nottingham Forest,-0.047016777257922825,-0.27469721308001854,0.03294181634873688,0.12440656133400702,0.2661918439011386,-0.2104052304918381,0.21015508012414036,0.1216647180670666,0.06761889117357452,0.0853401182984157,0.1811194066077679,0.12449655995242058,-0.007030766564112141,-0.09769645181366145,0.21125421261419822,0.020761813653871305,-0.15448922137711685,0.04185153986003997,-0.03277451038561909,-0.008402967162038066,0.17045796579086248,0.07818789814470882,-0.03181124884917651,0.11730889431833937,-0.13569659738513293,0.07980986406408759,-0.06247237564729144,-0.058083207947558474,0.21883366781860947,0.11080224895774038,0.1008192153182759,0.14285956810079428
Notts County,0.09236229144980827,0.11719708455927273,0.2957191648498476,0.1886208868069589,0.20939570143768546,-0.13362179101072696,0.14873447488143893,0.0761116474935108,-0.03356827678837926,-0.1606838829403562,-0.168502276731681,0.04343215192997587,-0.006348881630932687,0.04521115035522055,0.025943961768469505,0.032947784983222365,0.032111696876409246,-0.10233948909760184,0.03569364784561528,0.003944256893884574,-0.032487813185733065,-0.1368562711067991,-0.10006981113050475,-0.1466791084644167,0.039243845613140815,-0.16326731866476757,0.026203069003260082,0.02515254073406643,-0.03849442746712905,-0.2160400882377927,-0.026075089158226605,-0.12816253546804632
Oxford United,-0.13047646688269912,-0.10413701849500127,-0.053015603945230784,-0.1953264946687001,0.4861485110041762,-0.15529247002788438,0.02921284622581369,0.07054550010604332,-0.016284389116164748,0.05983753344507896,0.0004907307195849972,-0.009006012392336551,0.08274321848149113,-0.02548755042626674,-0.002073478771139262,0.019921237877823357,-0.01152760037995161,-0.10491709823852087,0.1173963339854796,-0.08589410449449139,0.07335471975853705,0.2205986969050352,0.26740053324710056,-0.0034081810098624855,0.018548733779921986,-0.15167323351854106,0.056697584376804784,-0.08136165721167642,0.05138319513026267,0.17990186230356434,0.17279100813545442,-0.05115613819242257
Peterborough United,-0.2965604080677964,-0.10326117192263636,0.16950620798575164,0.04365056726624769,0.13819024142848624,-0.12177145263980746,0.07406568496869355,0.06027244997396446,0.08650225057754854,-0.24258999321503494,-0.002498672307665736,-0.11268010350380005,0.1545731358260127,-0.06495481145781619,0.19169599123117045,0.1617406495963288,-0.19701781249691205,-0.020851295515055292,-0.06224381911028557,0.007848078212745671,-0.017796663937297036,-0.019711867811651147,0.19139042428725941,-0.2612069684160996,-0.21589995644170507,0.002933235992785368,-0.023342018033890827,0.05713287534918801,0.12963693529501044,-0.15465982552562535,0.22165572564400138,-0.24516410578056058
Plymouth Argyle,0.14032934911852152,0.25731700024057813,-0.014441414869181983,0.015285448230645265,-0.09651847375025105,0.06179187490743536,0.05386175640815117,-0.00999328809441421,-0.045923711151925874,0.19982088653916416,0.16144746879379898,0.04831107619148635,0.1323559658365711,0.08271620607139894,0.15514446159459694,0.187811378195611,-0.07511467220470475,-0.18901127946229784,0.11878074353702231,0.14604314292594445,-0.08325769172151755,-0.17745676591624915,0.08714709235955982,-0.312816632974178,-0.13122536395595696,-0.08589683909648141,0.09218034138439242,0.12560570658556638,-0.08387499926589563,-0.11905546974774356,0.15742727295649697,-0.29319136848479077
Port Vale,0.20991327894930922,0.25211817642163353,0.45953597421493875,-0.22202842849726243,0.12716076487779537,-0.16132164098144322,0.005660054711695523,0.17645271439168528,0.053597567146036286,-0.042173490993243495,-0.0074300908298182,0.05734328141099196,-0.03428820961957375,-0.0663180845693926,0.03362814633676881,0.12892712516791477,-0.3171836458760635,0.07941116770817921,-0.012368284886709999,0.04264316776758471,-0.005569262374849234,0.037578070448402646,0.16246180445475528,0.0519034583611164,-0.26730187016995116,0.11540121667463088,0.08240582933265732,-0.07373046243320652,-0.08403139380385341,-0.1110853012337561,0.16682340239624802,0.017948734171070548
Portsmouth,0.07965034102968474,-0.16159825062734795,-0.04611549407880237,0.04103078424713875,0.2942865351556911,-0.09487721670976626,-0.03498634762127613,0.04009259977698875,0.115874966392559,0.025318131929799294,-0.15182285352843983,-0.025718206626725693,-0.06086528959480393,0.05812332807732569,-0.04185373251249078,-0.025412969565528656,-0.033116754624510636,-0.020409861755325467,0.0809952306525357,-0.10406550211521584,-0.05128374521978741,-0.029519643264684703,-0.021695041449261224,-0.3564906769552933,-0.0035463767547765025,0.0015356441467251642,0.04734621592481729,-0.04981082608834656,-0.012356850825469425,0.09595867176531524,0.08553556777687844,-0.29336116810837587
Preston North End,-0.4191522543475854,0.15675312515968504,-0.09419028179641911,-0.43351161034079344,0.4990264316998975,-0.19404601208375957,0.23897009248230872,-0.16945430637855222,-0.011819358679669587,0.020009896545578075,0.037207196941792024,0.060082090797967565,-0.1310810721654118,-0.030004461331515117,-0.05932503401827377,-0.10469332460005745,-0.008026396515214224,0.18769482053311287,-0.1128531817041849,-0.010161146126250114,0.07924233701208797,0.009477101908383847,0.21630848871768557,-0.2705275432286672,-0.0843230444230901,0.20623094676633125,0.023466452901295596,0.07262372063210153,0.06797254227027677,-0.10368964172734928,0.12916456870263832,-0.3375373021329211
Queens Park Rangers,0.02524044218901237,-0.028884241654156994,0.1469377364026571,-0.3700793166422157,0.4499018642989378,0.2062403642725258,0.13264646929210042,0.4060674450483884,-0.09931135339962273,0.10570441693876005,0.2344241073707682,-0.01968529874806416,-0.20264633704700794,-0.15178893217740383,-0.06661739036908915,-0.16604679135259892,-0.030790483691950938,-0.1325190035994264,0.09821839058213756,-0.05517023372134015,-0.06308447096208394,0.07722707691508114,-0.11495031404003997,-0.031170024046627016,0.05835874362368121,-0.09494113338492252,0.3513713890258552,-0.054481272676373135,-0.019153963085269603,0.13971363543527784,0.05826188043194349,0.07411982054746415
Reading,-0.14403260777137852,-0.047771739198784545,-0.01558613169348205,-0.09100250569611554,0.06577371492569596,0.005987156148581778,-0.007346487197211555,-0.04147061217660096,0.022046759971699966,0.025303237893230485,-0.0567825042143584,-0.046644762619514175,0.13775057785002295,0.08179453196734604,0.2737478715196419,0.2877312351664177,-0.009329662914788065,0.12177554339221922,0.008220119214449885,-0.0006247151113595776,0.13036767851873063,0.318490037608688,0.1519981227576436,-0.1553824280000209,0.032698468725100856,0.19039568137409296,-0.00910856964488784,-0.04076573043214818,0.06648289650352368,0.361680951540758,0.1377180571716742,-0.04204790175210737
Rotherham United,-0.038124086056320186,0.008025179012701182,0.047854572376478416,-0.11445967627797449,0.4819312965568575,-0.002262632770248484,-0.04901857431833622,-0.15449601009083,-0.12876457612013706,0.14311618032347184,-0.16540405387253226,-0.21675034224049367,0.04289776674603835,-0.009502163105196039,0.08014605368908892,-0.019057030909220566,0.19261757656141507,0.1330515060925865,0.01432591836703203,-0.3591588920470863,-0.005103561344975904,0.10121357271133608,0.35412018191417255,0.12658753889661337,0.04001436103737196,0.14356926969907877,0.07772567235147157,-0.20873626582947352,0.06408640717177884,0.0433928053736126,0.40932322615442246,-0.04398358688425284
Salford City,0.10187849342082705,0.09034114258641822,0.032240863565086576,0.23563930080083803,-0.4265403395834908,0.03323827967991443,-0.08954485316290092,-0.0893230763155165,-0.11055110244901237,0.01450828661398331,0.1820931587197415,-0.22685330381199298,-0.015861393575270364,0.23444037738651738,-0.02276148457756245,-0.11236198104842912,-0.09003638010083195,-0.3243514919504856,0.03236613145157921,-0.23585901388865588,0.16699134964440943,-0.09338623073805548,-0.08972396200306257,-0.10307721889175309,-0.028606679865355006,-0.26498549621941864,-0.009581134920783512,-0.14696154270443312,0.12303875402205221,-0.1511460758654909,-0.08356920470841134,-0.030629598086710924
Sheffield United,-0.12636058769609868,-0.0035914876323342865,0.042923902575648015,0.11642060364995986,-0.23067586699988213,0.2173624969459796,-0.1626538909015542,-0.062260851180061055,-0.01008361691147656,0.050916784592829376,0.05568666901218016,-0.0821823205405915,0.10776452736724357,-0.1601291387785934,-0.1112405871828695,-0.014881694814135931,0.25013169232847654,-0.12420685506986504,0.18307994866683658,0.06903044285786739,-0.023731099204849667,0.02397287176768108,-0.08794602038968015,0.09858812810329104,-0.01807321902682112,-0.33418200329391434,0.11844718395473626,0.17582384615173555,0.052938065391428826,-0.10339044382269469,0.10670877937330421,-0.1299309211437611
Sheffield Wednesday,-0.12719412821464673,0.10209692533669278,0.08921525313848382,0.16742973349039839,0.3879899534570431,-0.20443096401996194,-0.019888688163395483,0.03931439585126424,0.06384896805273767,0.11193297265499351,0.04611756544797251,-0.08271009896713295,-0.12098357546932789,-0.11505234403495473,0.0995902363645962,9.329413653497363e-05,-0.1564222635269994,-0.18990365528787206,0.13034170685638874,0.049224229650667285,0.03574905014778968,-0.11868472197698769,0.0725333816605392,-0.32266181583166403,-0.16401628604218274,-0.12189588276970328,0.07660744160364655,0.009091560115197071,0.03709101443879922,-0.06177225074528248,-0.0217158237954637,-0.4392584096902328
Shrewsbury Town,0.01800719704897675,-0.10391196860799591,0.12498677443831681,0.15561452663897793,-0.1777854253152967,-0.24525681308468547,-0.43705631109295695,-0.08289426439534234,0.08307738916754426,-0.05768261945026411,0.1255706499291581,0.23651056618592567,-0.08641682731123064,0.031093728233213224,-0.047195113646450196,0.05711592877942316,0.1502982910599666,0.05134161071478374,0.055988514377373254,-0.15496588371507714,-0.0704592015561353,0.1307130706192312,-0.029441706930188723,0.100948776090293,0.16446443902108832,-0.05136044294597667,-0.025971484756982126,-0.13210717687763102,-0.12249408471108214,0.12020865576646915,-0.13966467301204794,0.05548230933296455
Southampton,-0.2523327051765702,-0.19501579493582383,-0.25192039155546225,-0.15619283208700227,0.39717201885616077,0.12173894283150297,-0.13282512311804193,0.0825416583444798,-0.008302086274856308,0.09844086824950052,0.2310244883046165,0.017078451900699905,-0.2008297052233727,0.10831885680738193,0.10051300207375542,-0.007278236891814386,0.012669838105205,0.19975596460915743,0.059635374016822944,0.022866642707993753,-0.20429715895432612,0.11421069543875792,0.18712316966032835,-0.12320764207238828,0.03073813597555834,0.18351742233774782,0.018646726713093503,0.017445143226119307,-0.17592735655087047,0.15479073559790085,0.11508840418944187,-0.09743878311001349
Stevenage,-0.11614227455087002,0.3184346985198707,0.05837282794044513,0.10612634614492739,0.12151186975254519,-0.10783045356548113,0.22492082743177005,0.028297104841533843,-0.1517936639560279,-0.1299900005016863,0.0539825856521336,0.19228325635643395,0.009665553319994075,0.03375310579314525,-0.059486613179683,-0.15044992511024852,-0.009385965927437033,-0.22735644259536644,0.20287320801042094,0.3143088200986277,-0.2869359783891071,-0.0818828217127701,-0.3152871136557641,0.04680449078926448,0.017385255093674272,-0.16122600054514533,0.1280006075082526,0.2584414821057989,-0.20274098385760733,-0.04434399553280965,-0.2572121911129256,0.07522870169929653
Stockport County,0.04110882463277566,0.13206691001803356,-0.08601655565680044,-0.021581425213664185,0.01158613127657133,0.3002339578631746,0.08346315606548285,0.06378791593570106,0.07074021347014484,-0.013390908889096439,0.10708080579039701,-0.04510532050272188,-0.09398855580085175,-0.0016451912754814268,0.005454670744510994,-0.1466171882530215,-0.030205215482930134,-0.006091178947952253,0.02062651998584431,0.032192600382557876,-0.042792514029527495,-0.25819943916637106,-0.028099922604932118,0.019479451489947293,0.047566301515232896,-0.05224506559091859,0.024277738163638336,-0.016321519476636105,-0.04177443335767764,-0.19149855039501315,-0.024317988985585653,0.003976418468296149
Stoke City,0.05737401308284909,0.01027033227412413,-0.18853972329272056,-0.08681595857354443,0.03606626338826135,0.10440920196333658,-0.2646204666210896,-0.032708564086713986,0.04482697636224281,-0.21771063820199413,-0.040442581038056966,-0.10294010021882656,-0.10097622010950537,0.006190284583018016,-0.11158408177270318,0.06019030484527549,-0.2430642801436842,0.07245594309455879,-0.17589832873032643,-0.26850558476338615,0.30372923917285477,-0.12600028878263989,0.04942411627808272,-0.035839047167164746,-0.2824417442514148,0.014517798114005963,-0.21361371752090053,-0.36018073448002347,0.27423457579672156,-0.19299856000523205,0.1306679873032491,-0.0395343119608768
Sunderland,-0.10687863618040598,0.06329953234767294,-0.015237392268437813,0.09879126641895364,-0.015700327984888768,-0.08007185367376085,0.31334407072562176,0.038683573736128025,0.05502749117846349,-0.03314852536998514,0.1346135841916553,0.03569817161775064,0.09441773581636762,-0.15540417503406792,-0.06435081702767806,0.0221690855096551,0.0024595539845770017,0.12257907305759835,0.0040349995728390445,0.16193879560924765,0.17653842002245235,-0.23047205158925202,0.03068326943405574,-0.08694109338047831,-0.004753485333038945,0.14745478351936592,0.07698269158092345,0.07931748084177148,0.1946346942848951,-0.12877384904342265,0.05591398111684366,-0.06675708293383582
Sutton United,0.0036468730657963715,0.10490909732463476,-0.01167439369715175,-0.014565835517440966,-0.09248329187978678,0.030086488523510715,0.16132003277395263,-0.04070350820969027,0.09573675216996433,0.09962738724776472,-0.05164475325460463,0.10075218571934942,0.029515773013752817,-0.12142323124048025,0.17738798612808082,-0.020088283570148253,-0.24593805505551924,-0.08846420093640289,-0.10117505509947154,-0.2530306855268878,0.262653989676382,-0.30497658081160883,-0.021305527361167857,-0.10697503494440146,-0.20417031672104902,-0.06155984171679857,-0.007797628157223396,-0.2846508536319185,0.25322093980628807,-0.2472325148382453,-0.07809080897859631,-0.012657320821075424
Swansea City,0.033220222261713506,0.18095897077426087,-0.010306282065435103,-0.2215098570821808,0.2916807885022283,-0.03830433381592112,-0.15477864171188588,-0.15650978767987525,0.059609159139895576,0.05207481901131157,0.19930379963730863,-0.13788436206102309,0.016844429504502583,-0.09935944321698584,-0.015037063343371945,0.05879255437603675,-0.19353620713314937,0.036753215462343905,0.06648869249215306,-0.0033202317850354215,0.09783316572260177,-0.44766984168217433,0.14421168933985173,-0.12277939577353694,-0.23086245225110644,-0.028601205041421992,0.055270933784268096,0.09458978918492646,-0.05809265474052,-0.4071914958656593,0.0532962846972476,-0.20235848588363872
Swindon Town,0.22857492186652198,0.12927705437941253,0.19774874902153566,0.20817570292227222,-0.3308374738416321,0.08312812184288224,0.011976450550372626,-0.2190982049270766,0.08884864637937866,0.0071113621371068,0.072707179576877,0.11651641198786129,-0.09895609248984956,-0.11834888489130385,-0.15767723285672688,-0.16430259162687894,-0.10389787326714779,-0.17284821574229356,-0.06971258040526675,-0.06867055226149346,0.15284510725560507,-0.026863669597208397,0.10489642545696078,-0.07640514191473022,-0.1382974360964193,-0.20437649759145735,-0.0812067147562502,-0.08742362603313074,0.21512103452718392,0.04149693237774744,0.2101442831569038,-0.0579868252191111
Tottenham Hotspur,0.0028490756223645986,-0.0395345572011862,0.28157115383481063,0.0009686433129140886,0.18898974766194587,0.09208889464065938,-0.29750127129957527,-0.053734737570692,0.08313937427204447,0.13536530623992182,-0.023527064096937535,-0.03298064471485723,0.038527050178667574,0.025969590883747846,-0.05401004000244064,0.04178361049371774,-0.23057807028040453,0.004812943451557247,0.034342806965656426,-0.14330081096498756,0.3057756522155039,-0.10258605070237728,-0.26171632096222014,-0.0003304862212729019,-0.04512973292984814,-0.14823524479529848,0.10397918990979713,0.024388927397628025,0.20092334501215003,-0.06821732566368273,-0.17984290759272714,0.06131371936042447
Tranmere Rovers,0.03516418248021531,0.050566295635207516,-0.023155833151041992,0.0195185962495826,-0.1886162047710534,-0.024636494876411417,-0.01594949921223607,0.06564777301061167,0.007288535032344935,-0.18766971773780625,0.03075706393769054,0.05899396161093689,-0.17264329389202912,0.10303922142594292,-0.04497906778294375,-0.1828624441389244,-0.16785510735435896,-0.00728901591886949,0.041681690990311084,0.03264406059501849,0.14886612920899106,-0.027100458917450523,-0.07316045229698546,-0.24468584141865055,-0.18134176089538664,-0.08617790281447232,0.03699931370347467,0.05669288149685565,0.09491220106172346,-0.022706442869332075,-0.05582697385447326,-0.20909811814900467
Walsall,0.117202419114649,0.002980254958917503,0.07529559047725377,-0.08346487606175,-0.1359611386822451,-0.14491708683402027,-0.11978515004186885,0.12900805148634117,-0.005497436205897697,-0.09758111339595779,0.12222296878488616,-0.12091220028853478,0.12555555318670356,-0.07286640566143486,0.12001994296882851,-0.029232385917592637,-0.1889611268417061,0.2083622858072506,0.1028368409915773,0.12378511552794656,0.2380647222215856,-0.037702768108547204,0.15289875576631362,-0.0585419171160186,-0.2167598250681818,0.23805000675285726,0.10759810155542059,0.05995858696978381,0.26512429512504454,-0.026711152824308936,0.22014308548068312,-0.09257856473448395
Watford,-0.0889845359864372,-0.23912875150623314,-0.022435848081037796,-0.11022607328909076,-0.06358952968983936,-0.28187470792001595,0.009021831486481823,-0.4474978060894947,0.11487005435725216,0.00436272280841784,0.03350799947070521,0.058398789989637406,0.01967857390761051,-0.011560619570592118,-0.13328615758808676,-0.007896775191643949,-0.04430653224811049,0.07564407846311205,0.001321669351766458,0.019795760473250722,-0.058483508406410784,-0.0453000805754033,-0.1342025460326496,0.0755859184201389,-0.036445852919054805,0.023036074430251963,-0.028899399814283203,-0.009267286520173498,-0.03205898335193087,-0.009939584327974841,-0.12227015403120696,0.09706954798984292
West Bromwich Albion,-0.16847432901144355,-0.036088649548439544,0.4192814591293504,0.112922236447413,0.16487106201045698,0.0025260493605291355,-0.07874562975432614,0.06291966199304874,0.0819843693558951,0.05850427849954196,-0.07453496537022171,-0.08116567125435106,0.1891595791527679,-0.025901596055329813,0.19190867402683623,0.07059755018660341,-0.09052812516875249,0.30255916240594677,0.03067273633419111,0.15470624642875028,-0.0785013096222913,-0.12311026944325412,-0.0072225951371095954,-0.046425019648910625,-0.0807936854871718,0.19713671959747583,0.08114266467275927,0.1359026779084969,-0.048326031469756024,-0.03389075632052537,-0.12561230124160838,-0.012568901739091948
West Ham United,-0.0732155575798029,0.12758779533394068,0.07748045409967569,0.0967449111491213,-0.038818595533111296,-0.2149435150209141,0.09247043828589625,0.24799737021787516,0.03520711018768595,0.07050859821483166,-0.01579897768176267,0.10912459275299073,0.030582148060431927,0.08662211983667917,0.04954552770685348,-0.023386831965650806,0.17655927216582565,0.08123890847604433,0.02648341131206033,-0.2182699322102936,0.053037668669142876,0.09197792999594291,-0.16609188787113147,0.15635617218721895,0.07092118674472755,0.17693598909516203,0.10249251697487967,-0.20580509006531597,0.055876543067505995,0.08765889714634696,-0.07537747261710603,0.1804543338409956
Wigan Athletic,-0.07930818022787907,0.11853144138714229,0.13150017599232655,-0.14479510983440888,0.21475980393082286,0.18442980468241207,0.24879574622491188,0.1280712566393853,0.053643493490661505,0.005563922625492383,-0.1488913127653815,-0.036222595791436635,-0.229886212926045,-0.017637534867713252,0.013064023668569867,-0.04119352976108589,-0.15857249005958726,0.06061865006186167,-0.04278378056436991,-0.20165907600920427,-0.03678333959167432,-0.1370512580281994,0.11588433455193446,-0.018248499774472727,-0.11696669903351796,0.005973591241091121,-0.011113011784982604,-0.2586849370131171,-0.06728933248913656,-0.08986284665857007,0.08322153069456259,-0.06266692928710779
Wolverhampton Wanderers,-0.23723524068495466,0.10747216112944016,-0.033156429157673244,-0.13016152837015643,0.2413939713837768,0.28560616800236743,0.09118401740530299,0.05551816666775572,-0.00911351121996299,-0.1235715529875944,0.19277402124207235,-0.0682133467374101,-0.07071520531391919,0.005327531485602286,0.011111594911356477,-0.11568138211784387,0.05719275296485571,-0.007371915849448002,-0.17766138994997985,0.07614311044899807,0.07210075965814715,-0.27852094703388763,-0.11973684690884247,0.014564830305073571,-0.018953186061776147,0.13277997989882595,-0.16006981074587656,0.0644836613543159,0.06155291239726314,-0.2657626589532441,-0.10718636559487446,-0.028353905662585693
Wrexham,0.09900796756065362,0.07763186544293514,-0.26252430817499567,0.2866536690525493,0.2693486193134937,0.09215976053570558,0.036084845842677134,0.17969485388896314,0.08204330354175451,0.009540922318344643,-0.02028886441530125,-0.0654519331766283,-0.12423059455701871,-0.18888515608149112,0.062048253254412725,-0.011232116660366092,-0.2521835022496179,0.06909299042325008,-0.058576070671922754,-0.3503280364542006,0.012677189121130372,0.04268802099692673,0.22852941772629254,-0.049978130293683636,-0.1488894013809902,0.11980714627962634,-0.07818441482664375,-0.26303149527427355,-0.07091809715606164,0.007565657201620491,0.18029954414679822,0.02099576542856535
Wycombe Wanderers,0.41118808417385,0.0670081355927529,0.11925700376349256,0.023274554613964438,-0.05822134074506836,0.07666635528579571,0.07074969144263726,0.2966408843751617,0.10748631717279648,0.06881838172886355,-0.08464263999636717,-0.06750955420021493,0.1464484602687532,0.016269337720034433,0.05800139924162341,0.12991416784674184,-0.04009138942944568,-0.32613323090054913,-0.16057894688555224,-0.08886667685591526,0.021442326609686084,-0.06683361496599294,0.01549979050943499,0.02196292480911763,-0.04710371102994223,-0.24754886366705872,-0.2133491174038788,-0.08951515989362703,0.038683187689943166,-0.0255703929940327,0.05697830742475182,-0.0195556246931982
